text,status,source,is_fake_indicator
بلاغ وزارة التربية,حقيقة,حسب بلاغ تكييف تنظيم السنة الدراسية الحالية, تاريخ إجراء امتحانات البكالوريا 2026 جميع المسالك والشعب الدورة العادية أيام 4 و5 و6 يونيو 2026.
تاريخ إجراء الدورة الإستدراكية من امتحانات البكالوريا أيام 2 و 3 و 4 يوليوز 2026.
هذا وسيتم الإعلان عن نتائج الدورة العادية لامتحان شهادة البكالوريا يوم 17 يونيو 2026، ونتائج الدورة الاستدراكية من ذات الامتحان يوم 11 يوليوز.

تاريخ اجتياز امتحانات البكالوريا 2026 الدورة العادية والدورة الإستدراكية
حسب المذكرة الرسمية اليكم تاريخ إجراء امتحانات البكالوريا 2026 الدورة العادية والدورة الإستدراكية,True
وزارة التربية الوطنية تنفي إلغاء الامتحانات الإشهادية وتؤكد إجراءها في مواعيدها.,حقيقة داحضة للشائعة,وزارة التربية الوطنية (بلاغ رسمي),True
البنك المركزي يقرر الإبقاء على سعر الفائدة الرئيسي دون تغيير في 3%.,حقيقة مؤكدة,بنك المغرب (بيان رسمي),False
وزارة الصحة تؤكد عدم تسجيل أي حالة إصابة بوباء جديد وتدعو لعدم نشر الهلع.,حقيقة داحضة للشائعة,وزارة الصحة والحماية الاجتماعية,True
